{
	"name": "tabslet",
	"title": "jQuery Tabslet",
	"description": "Yet another jQuery plugin for tabs with some extra features.",
	"keywords": [
		"jquery",
		"tabslet",
		"plugins",
		"tabs"
	],
	"version": "1.4.2",
	"author": {
		"name": "Dimitris Krestos",
		"email": "dkrestos@gmail.com",
		"url": "https://github.com/vdw"
	},
	"maintainers": [
		{
			"name": "Dimitris Krestos",
			"email": "dkrestos@gmail.com",
			"url": "https://github.com/vdw"
		}
	],
	"licenses": [
		{
			"type": "Apache",
			"url": "http://www.apache.org/licenses/LICENSE-2.0"
		}
	],
	"bugs": "https://github.com/vdw/Tabslet/issues",
	"homepage": "http://vdw.github.io/Tabslet",
	"docs": "https://github.com/vdw/Tabslet#readme",
	"download": "https://github.com/vdw/Tabslet/archive/master.zip",
	"dependencies": {
		"jquery": ">=1.8.1"
	}
}
